var,direction,w1_ms,w2_en,w3_ruDown,w4_sla,makespan,energy,utilization,sla_violation,F,delta_makespan,delta_energy,delta_utilization,delta_sla_violation,delta_F
w1_ms,-10%,0.23076923076923078,0.25641025641025644,0.25641025641025644,0.25641025641025644,864.71,452071.83,0.9181,0.001,0.11609192869422455,0.0,0.0,0.0,0.0,-0.0038772255150273383
w1_ms,+10%,0.26829268292682934,0.24390243902439027,0.24390243902439027,0.24390243902439027,864.71,452071.83,0.9181,0.001,0.12365724677232671,0.0,0.0,0.0,0.0,0.003688092563074827
w2_en,-10%,0.25641025641025644,0.23076923076923078,0.25641025641025644,0.25641025641025644,864.71,452071.83,0.9181,0.001,0.11796432033496285,0.0,0.0,0.0,0.0,-0.0020048338742890415
w2_en,+10%,0.24390243902439027,0.26829268292682934,0.24390243902439027,0.24390243902439027,864.71,452071.83,0.9181,0.001,0.12187619130918541,0.0,0.0,0.0,0.0,0.00190703709993352
w3_ruDown,-10%,0.25641025641025644,0.25641025641025644,0.23076923076923078,0.25641025641025644,864.71,452071.83,0.9181,0.001,0.12277508143935674,0.0,0.0,0.0,0.0,0.0028059272301048516
w3_ruDown,+10%,0.24390243902439027,0.24390243902439027,0.26829268292682934,0.24390243902439027,864.71,452071.83,0.9181,0.001,0.11730010147817659,0.0,0.0,0.0,0.0,-0.0026690527310753026
w4_sla,-10%,0.25641025641025644,0.25641025641025644,0.25641025641025644,0.23076923076923078,864.71,452071.83,0.9181,0.001,0.12304528636846351,0.0,0.0,0.0,0.0,0.0030761321592116253
w4_sla,+10%,0.24390243902439027,0.24390243902439027,0.24390243902439027,0.26829268292682934,864.71,452071.83,0.9181,0.001,0.11704307727731893,0.0,0.0,0.0,0.0,-0.002926076931932961
